subject,trial,story_id,noise_condition,times,word_number
1,1,1,clear,18.27,55
1,1,1,clear,27.87,75
1,1,1,clear,49.68,139
1,1,1,clear,67.31,188
1,1,1,clear,94.93,261
1,1,1,clear,113.99,302
1,1,1,clear,132.42,348
1,1,1,clear,171.53,469
1,1,1,clear,204.56,564
1,1,1,clear,239.75,651
1,1,1,clear,265,719
1,1,1,clear,284.66,772
1,1,1,clear,318.28,866
1,1,1,clear,337.63,929
1,1,1,clear,381.47,1054
1,1,1,clear,424.98,1185
1,1,1,clear,457.02,1275
1,1,1,clear,487.68,1375
1,1,1,clear,510.69,1451
1,1,1,clear,537.18,1532
1,2,2,+2SNR,19.43,49
1,2,2,+2SNR,44.72,107
1,2,2,+2SNR,77.33,200
1,2,2,+2SNR,105.92,288
1,2,2,+2SNR,127.89,356
1,2,2,+2SNR,165.77,472
1,2,2,+2SNR,174.22,494
1,2,2,+2SNR,196.58,558
1,2,2,+2SNR,220.02,611
1,2,2,+2SNR,248.84,692
1,2,2,+2SNR,290.79,817
1,2,2,+2SNR,321.04,893
1,2,2,+2SNR,349.09,966
1,2,2,+2SNR,390.27,1095
1,2,2,+2SNR,446.53,1238
1,2,2,+2SNR,469.22,1302
1,2,2,+2SNR,494.66,1373
1,2,2,+2SNR,533.7,1488
1,3,3,-4SNR,44.5,139
1,3,3,-4SNR,84.82,261
1,3,3,-4SNR,101.41,312
1,3,3,-4SNR,152.08,454
1,3,3,-4SNR,173.46,509
1,3,3,-4SNR,193.46,573
1,3,3,-4SNR,211.89,612
1,3,3,-4SNR,246.48,685
1,3,3,-4SNR,287.1,782
1,3,3,-4SNR,325.06,894
1,3,3,-4SNR,350.3,953
1,3,3,-4SNR,414.41,1109
1,3,3,-4SNR,436.86,1172
1,3,3,-4SNR,477.79,1270
1,3,3,-4SNR,495.26,1322
1,3,3,-4SNR,521.81,1394
1,3,3,-4SNR,568.74,1523
1,3,3,-4SNR,646.81,1688
2,1,3,clear,31.13,96
2,1,3,clear,55.49,168
2,1,3,clear,89.7,274
2,1,3,clear,103.88,322
2,1,3,clear,144.79,439
2,1,3,clear,172.82,507
2,1,3,clear,196.14,581
2,1,3,clear,211.72,611
2,1,3,clear,244.71,684
2,1,3,clear,261.53,725
2,1,3,clear,302.46,828
2,1,3,clear,347.96,948
2,1,3,clear,477.26,1270
2,1,3,clear,538.82,1447
2,1,3,clear,635.81,1663
2,2,1,+2SNR,27.72,74
2,2,1,+2SNR,113.46,301
2,2,1,+2SNR,166.47,456
2,2,1,+2SNR,327.39,894
2,2,1,+2SNR,434.76,1212
2,2,1,+2SNR,517.25,1466
2,3,2,-4SNR,260.94,725
2,3,2,-4SNR,335.19,930
2,3,2,-4SNR,402.44,1126
2,3,2,-4SNR,486.71,1350
2,3,2,-4SNR,533.1,1485
3,1,2,clear,16.66,42
3,2,3,+2SNR,41.4,126
3,2,3,+2SNR,98.41,299
3,2,3,+2SNR,171.73,503
3,2,3,+2SNR,214.04,616
3,2,3,+2SNR,257.31,713
3,2,3,+2SNR,354,962
3,2,3,+2SNR,423.05,1126
3,2,3,+2SNR,478.44,1271
3,2,3,+2SNR,553.41,1486
3,2,3,+2SNR,655.71,1716
3,3,1,-4SNR,28.43,77
3,3,1,-4SNR,110.84,293
3,3,1,-4SNR,213.03,586
3,3,1,-4SNR,368.85,1022
3,3,1,-4SNR,424.37,1182
3,3,1,-4SNR,517.33,1466
4,1,2,clear,55.75,136
4,1,2,clear,168.83,480
4,2,1,+2SNR,230.03,627
4,2,1,+2SNR,461.91,1291
4,3,3,-4SNR,308.06,842
4,3,3,-4SNR,311.4,851
4,3,3,-4SNR,615.91,1623
4,3,3,-4SNR,665.28,1740
6,1,3,clear,12.9,37
6,1,3,clear,24.4,77
6,1,3,clear,31.84,98
6,1,3,clear,42.8,131
6,1,3,clear,55.26,167
6,1,3,clear,65.69,199
6,1,3,clear,75.15,232
6,1,3,clear,89.94,275
6,1,3,clear,97.42,297
6,1,3,clear,120.1,367
6,1,3,clear,144.72,439
6,1,3,clear,177.9,522
6,1,3,clear,182.4,534
6,1,3,clear,202.54,598
6,1,3,clear,245.81,685
6,1,3,clear,347.68,948
6,1,3,clear,407.65,1092
6,1,3,clear,466.18,1242
6,1,3,clear,493.45,1314
6,1,3,clear,567.26,1520
6,1,3,clear,665.7,1740
6,2,2,+2SNR,14.55,35
6,2,2,+2SNR,38.08,90
6,2,2,+2SNR,70.02,181
6,2,2,+2SNR,85.12,222
6,2,2,+2SNR,126.34,352
6,2,2,+2SNR,160.47,456
6,2,2,+2SNR,192.62,547
6,2,2,+2SNR,216.93,603
6,2,2,+2SNR,292.14,819
6,2,2,+2SNR,318.71,887
6,2,2,+2SNR,451.61,1254
6,2,2,+2SNR,484.62,1342
6,2,2,+2SNR,521.12,1449
6,3,1,-4SNR,24.09,70
6,3,1,-4SNR,120.16,313
6,3,1,-4SNR,165.64,454
6,3,1,-4SNR,234.87,640
6,3,1,-4SNR,267.46,726
6,3,1,-4SNR,315.4,857
6,3,1,-4SNR,375.93,1041
6,3,1,-4SNR,423.96,1182
6,3,1,-4SNR,460.94,1286
6,3,1,-4SNR,516.24,1462
9,1,2,-4SNR,57.68,141
9,1,2,-4SNR,71.64,187
9,1,2,-4SNR,80.57,210
9,1,2,-4SNR,92.54,247
9,1,2,-4SNR,113.83,316
9,1,2,-4SNR,140.28,397
9,1,2,-4SNR,154.61,440
9,1,2,-4SNR,172.58,492
9,1,2,-4SNR,237.12,655
9,1,2,-4SNR,251.26,696
9,1,2,-4SNR,290.51,816
9,1,2,-4SNR,308.01,865
9,1,2,-4SNR,332.56,926
9,1,2,-4SNR,372.36,1039
9,1,2,-4SNR,422.63,1180
9,1,2,-4SNR,438.34,1224
9,1,2,-4SNR,469.33,1302
9,1,2,-4SNR,502.96,1395
9,1,2,-4SNR,523.46,1458
9,2,3,clear,2.46,7
9,2,3,clear,13.82,39
9,2,3,clear,26.22,84
9,2,3,clear,33.72,104
9,2,3,clear,42.52,130
9,2,3,clear,60.74,185
9,2,3,clear,75.16,232
9,2,3,clear,91.62,282
9,2,3,clear,101.98,314
9,2,3,clear,111.42,344
9,2,3,clear,124.06,379
9,2,3,clear,135.5,417
9,2,3,clear,147.53,444
9,2,3,clear,160.1,475
9,2,3,clear,168.16,496
9,2,3,clear,173.06,507
9,2,3,clear,182.12,533
9,2,3,clear,190.58,564
9,2,3,clear,201.54,597
9,2,3,clear,211.02,611
9,2,3,clear,222.41,635
9,2,3,clear,236.7,668
9,2,3,clear,250.12,695
9,2,3,clear,270.79,746
9,2,3,clear,283.79,773
9,2,3,clear,301.69,826
9,2,3,clear,319.14,874
9,2,3,clear,327.45,899
9,2,3,clear,340.2,933
9,2,3,clear,348.74,950
9,2,3,clear,410.08,1099
9,2,3,clear,430.16,1146
9,2,3,clear,449.9,1197
9,2,3,clear,468.97,1250
9,2,3,clear,501.76,1345
9,2,3,clear,513.74,1370
9,2,3,clear,530.5,1420
9,2,3,clear,551.82,1480
9,2,3,clear,569.26,1524
9,2,3,clear,634.18,1662
9,3,1,+2SNR,4.26,9
9,3,1,+2SNR,25.83,71
9,3,1,+2SNR,30.31,83
9,3,1,+2SNR,52.68,148
9,3,1,+2SNR,87.88,238
9,3,1,+2SNR,109.72,290
9,3,1,+2SNR,120.16,313
9,3,1,+2SNR,130.53,343
9,3,1,+2SNR,161.68,441
9,3,1,+2SNR,170.04,464
9,3,1,+2SNR,178.38,490
9,3,1,+2SNR,200.2,550
9,3,1,+2SNR,234.23,640
9,3,1,+2SNR,248.12,675
9,3,1,+2SNR,266.56,722
9,3,1,+2SNR,279.03,755
9,3,1,+2SNR,313.04,849
9,3,1,+2SNR,327.99,895
9,3,1,+2SNR,357.03,990
9,3,1,+2SNR,393.81,1091
9,3,1,+2SNR,416.56,1164
9,3,1,+2SNR,432.68,1207
9,3,1,+2SNR,472.63,1326
9,3,1,+2SNR,486.72,1368
9,3,1,+2SNR,521,1480
9,3,1,+2SNR,540.21,1539
9,3,1,+2SNR,564.19,1613
10,1,2,-4SNR,18.61,48
10,1,2,-4SNR,47.04,115
10,1,2,-4SNR,72.86,190
10,1,2,-4SNR,88.97,236
10,1,2,-4SNR,131.18,366
10,1,2,-4SNR,177.13,504
10,1,2,-4SNR,249.69,693
10,1,2,-4SNR,295.33,829
10,1,2,-4SNR,353.16,983
10,1,2,-4SNR,473.98,1314
10,2,1,clear,27.24,74
10,2,1,clear,53.79,149
10,2,1,clear,111.38,294
10,2,1,clear,461.86,1291
10,2,1,clear,518.21,1471
10,3,3,+2SNR,31.27,97
10,3,3,+2SNR,46.36,141
10,3,3,+2SNR,101.25,312
10,3,3,+2SNR,174.03,509
10,3,3,+2SNR,204.36,599
10,3,3,+2SNR,224.16,638
10,3,3,+2SNR,494.33,1317
12,1,3,-4SNR,22.85,73
12,1,3,-4SNR,42.83,131
12,1,3,-4SNR,82.17,255
12,1,3,-4SNR,111.31,344
12,1,3,-4SNR,160.17,475
12,1,3,-4SNR,176.62,518
12,1,3,-4SNR,210.66,609
12,1,3,-4SNR,250.67,695
12,1,3,-4SNR,290.59,792
12,1,3,-4SNR,327.08,899
12,1,3,-4SNR,356.85,966
12,1,3,-4SNR,429.37,1144
12,1,3,-4SNR,494.17,1317
12,1,3,-4SNR,558.42,1500
12,1,3,-4SNR,659.33,1725
12,2,2,clear,112.54,312
12,2,2,clear,129.66,360
12,2,2,clear,173.31,493
12,2,2,clear,194.02,550
12,2,2,clear,232.17,643
12,2,2,clear,290.19,816
12,2,2,clear,405.42,1135
12,2,2,clear,450.96,1251
12,2,2,clear,536.09,1497
12,3,1,+2SNR,27.79,75
12,3,1,+2SNR,111.92,296
12,3,1,+2SNR,188.16,514
12,3,1,+2SNR,272.52,738
12,3,1,+2SNR,329.23,899
12,3,1,+2SNR,408.46,1139
12,3,1,+2SNR,462.21,1291
12,3,1,+2SNR,519.81,1478
13,1,1,+2SNR,27.03,73
13,1,1,+2SNR,95.61,264
13,1,1,+2SNR,114.17,303
13,1,1,+2SNR,190.75,520
13,1,1,+2SNR,272.99,739
13,1,1,+2SNR,285.67,775
13,1,1,+2SNR,397.15,1105
13,1,1,+2SNR,424.51,1182
13,2,2,-4SNR,46.01,114
13,2,2,-4SNR,138.75,392
13,2,2,-4SNR,288.56,811
13,2,2,-4SNR,406.34,1138
13,2,2,-4SNR,447.73,1243
13,3,3,clear,34.76,107
13,3,3,clear,88.04,268
13,3,3,clear,100.73,309
13,3,3,clear,202.12,597
13,3,3,clear,246.86,686
13,3,3,clear,352.75,958
13,3,3,clear,437.86,1173
13,3,3,clear,543.23,1459
13,3,3,clear,620.65,1630
14,1,3,+2SNR,7.11,20
14,1,3,+2SNR,19.19,62
14,1,3,+2SNR,31.12,96
14,1,3,+2SNR,54.66,166
14,1,3,+2SNR,75.38,232
14,1,3,+2SNR,97.96,297
14,1,3,+2SNR,109.66,337
14,1,3,+2SNR,123.03,375
14,1,3,+2SNR,144.33,438
14,1,3,+2SNR,164.45,488
14,1,3,+2SNR,181.52,532
14,1,3,+2SNR,190.43,563
14,1,3,+2SNR,210.5,609
14,1,3,+2SNR,231.02,659
14,1,3,+2SNR,244.22,684
14,1,3,+2SNR,280.88,769
14,1,3,+2SNR,287.38,783
14,1,3,+2SNR,319.52,877
14,1,3,+2SNR,347.22,947
14,1,3,+2SNR,360.7,977
14,1,3,+2SNR,407.6,1092
14,1,3,+2SNR,434.02,1160
14,1,3,+2SNR,459.93,1226
14,1,3,+2SNR,481.45,1282
14,1,3,+2SNR,492.15,1310
14,1,3,+2SNR,525.7,1405
14,1,3,+2SNR,564.03,1513
14,1,3,+2SNR,639.44,1671
14,2,1,-4SNR,8.7,22
14,2,1,-4SNR,24,70
14,2,1,-4SNR,45.48,134
14,2,1,-4SNR,69.55,194
14,2,1,-4SNR,79.79,215
14,2,1,-4SNR,96.12,265
14,2,1,-4SNR,106.56,287
14,2,1,-4SNR,119.73,313
14,2,1,-4SNR,142.65,376
14,2,1,-4SNR,157.16,426
14,2,1,-4SNR,170.72,467
14,2,1,-4SNR,182.04,499
14,2,1,-4SNR,190.01,519
14,2,1,-4SNR,237.57,647
14,2,1,-4SNR,242.93,655
14,2,1,-4SNR,274.41,743
14,2,1,-4SNR,300.38,819
14,2,1,-4SNR,345.64,956
14,2,1,-4SNR,366.83,1017
14,2,1,-4SNR,378.81,1048
14,2,1,-4SNR,406.07,1129
14,2,1,-4SNR,430.63,1200
14,2,1,-4SNR,455.58,1271
14,2,1,-4SNR,471.54,1323
14,2,1,-4SNR,495.53,1401
14,2,1,-4SNR,516.22,1462
14,2,1,-4SNR,537.1,1532
14,2,1,-4SNR,577.28,1646
14,3,2,clear,32.07,78
14,3,2,clear,46.63,114
14,3,2,clear,52.61,127
14,3,2,clear,60.36,146
14,3,2,clear,67.76,174
14,3,2,clear,73.89,192
14,3,2,clear,84.88,222
14,3,2,clear,97.28,259
14,3,2,clear,114.25,317
14,3,2,clear,126.37,352
14,3,2,clear,141.97,401
14,3,2,clear,160.11,456
14,3,2,clear,173.15,492
14,3,2,clear,191.47,545
14,3,2,clear,207.77,583
14,3,2,clear,227.86,632
14,3,2,clear,252.33,699
14,3,2,clear,267.69,743
14,3,2,clear,287.32,808
14,3,2,clear,310.13,869
14,3,2,clear,331.54,923
14,3,2,clear,342.16,947
14,3,2,clear,363.46,1012
14,3,2,clear,399.58,1120
14,3,2,clear,415.08,1156
14,3,2,clear,432.82,1206
14,3,2,clear,487.1,1350
14,3,2,clear,518.46,1441
15,1,2,+2SNR,5.48,13
15,1,2,+2SNR,31.85,76
15,1,2,+2SNR,48.79,118
15,1,2,+2SNR,62.32,152
15,1,2,+2SNR,77.8,202
15,1,2,+2SNR,102.97,281
15,1,2,+2SNR,141.98,401
15,1,2,+2SNR,144.09,406
15,1,2,+2SNR,175.09,496
15,1,2,+2SNR,205.57,580
15,1,2,+2SNR,221.07,615
15,1,2,+2SNR,227.69,632
15,1,2,+2SNR,232.71,643
15,1,2,+2SNR,233.79,645
15,1,2,+2SNR,260.67,723
15,1,2,+2SNR,263.37,731
15,1,2,+2SNR,268.11,744
15,1,2,+2SNR,289.59,813
15,1,2,+2SNR,318.18,886
15,1,2,+2SNR,333.04,926
15,1,2,+2SNR,346.37,961
15,1,2,+2SNR,396.71,1114
15,1,2,+2SNR,414.65,1156
15,1,2,+2SNR,444.83,1236
15,1,2,+2SNR,471.43,1305
15,1,2,+2SNR,512.8,1423
15,2,3,-4SNR,6.53,19
15,2,3,-4SNR,10.71,29
15,2,3,-4SNR,14.06,40
15,2,3,-4SNR,23.53,76
15,2,3,-4SNR,44.95,140
15,2,3,-4SNR,54.81,166
15,2,3,-4SNR,63.61,193
15,2,3,-4SNR,83.81,259
15,2,3,-4SNR,90.13,275
15,2,3,-4SNR,106.87,331
15,2,3,-4SNR,144.55,439
15,2,3,-4SNR,168.74,497
15,2,3,-4SNR,308.85,843
15,2,3,-4SNR,309.28,844
15,2,3,-4SNR,341.53,936
15,2,3,-4SNR,372.39,1007
15,2,3,-4SNR,396.44,1065
15,2,3,-4SNR,408.78,1095
15,2,3,-4SNR,429.17,1144
15,2,3,-4SNR,440.01,1179
15,2,3,-4SNR,441.89,1182
15,2,3,-4SNR,442.97,1183
15,2,3,-4SNR,467.25,1245
15,2,3,-4SNR,481.33,1281
15,2,3,-4SNR,482.49,1284
15,2,3,-4SNR,497.98,1333
15,2,3,-4SNR,501.41,1342
15,2,3,-4SNR,529.12,1416
15,2,3,-4SNR,536.84,1439
15,2,3,-4SNR,563.89,1512
15,2,3,-4SNR,586.12,1563
15,2,3,-4SNR,593.02,1574
15,2,3,-4SNR,602.01,1597
15,2,3,-4SNR,610.16,1613
15,2,3,-4SNR,627.57,1646
15,2,3,-4SNR,633.88,1661
15,2,3,-4SNR,651.99,1701
15,2,3,-4SNR,655.71,1716
15,2,3,-4SNR,656.13,1718
15,3,1,clear,8.49,21
15,3,1,clear,20.27,59
15,3,1,clear,37.24,103
15,3,1,clear,38.5,109
15,3,1,clear,64.98,181
15,3,1,clear,65.91,185
15,3,1,clear,67,187
15,3,1,clear,67.56,189
15,3,1,clear,88.97,242
15,3,1,clear,101.98,275
15,3,1,clear,110.82,293
15,3,1,clear,144.78,381
15,3,1,clear,170.96,467
15,3,1,clear,203.53,561
15,3,1,clear,210.9,581
17,1,1,+2SNR,24,70
17,1,1,+2SNR,112.48,298
17,1,1,+2SNR,145.76,383
17,1,1,+2SNR,263.05,713
17,1,1,+2SNR,467.45,1309
17,2,3,-4SNR,7.78,22
17,2,3,-4SNR,136.09,418
17,2,3,-4SNR,392.72,1057
17,2,3,-4SNR,419.19,1118
17,2,3,-4SNR,485.34,1293
17,3,2,clear,522.87,1454
18,1,3,+2SNR,4.08,12
18,1,3,+2SNR,19.18,62
18,1,3,+2SNR,24.6,77
18,1,3,+2SNR,32.7,101
18,1,3,+2SNR,38.58,121
18,1,3,+2SNR,46.02,141
18,1,3,+2SNR,55.32,167
18,1,3,+2SNR,70.43,216
18,1,3,+2SNR,76.07,236
18,1,3,+2SNR,96.75,296
18,1,3,+2SNR,113.66,349
18,1,3,+2SNR,127.71,391
18,1,3,+2SNR,164.36,488
18,1,3,+2SNR,182.29,534
18,1,3,+2SNR,196.99,583
18,1,3,+2SNR,203.09,598
18,1,3,+2SNR,229.11,652
18,1,3,+2SNR,245.31,685
18,1,3,+2SNR,267.25,737
18,1,3,+2SNR,284.37,775
18,1,3,+2SNR,302.61,828
18,1,3,+2SNR,310.4,848
18,1,3,+2SNR,322.72,886
18,1,3,+2SNR,340.3,933
18,1,3,+2SNR,347.19,947
18,1,3,+2SNR,363.38,984
18,1,3,+2SNR,405.8,1088
18,1,3,+2SNR,419.09,1118
18,1,3,+2SNR,432.03,1152
18,1,3,+2SNR,454.15,1210
18,1,3,+2SNR,476.33,1267
18,1,3,+2SNR,483.03,1285
18,1,3,+2SNR,492.35,1310
18,1,3,+2SNR,517.84,1384
18,1,3,+2SNR,536.49,1439
18,1,3,+2SNR,545.61,1466
18,1,3,+2SNR,557.13,1496
18,1,3,+2SNR,600.45,1592
18,1,3,+2SNR,639.61,1671
18,2,2,-4SNR,25.84,65
18,2,2,-4SNR,72.34,189
18,2,2,-4SNR,208.34,585
18,2,2,-4SNR,225.52,626
18,2,2,-4SNR,248.13,689
18,2,2,-4SNR,275.03,766
18,2,2,-4SNR,343.53,952
18,2,2,-4SNR,384.33,1078
18,2,2,-4SNR,410.23,1147
18,2,2,-4SNR,435.85,1216
18,2,2,-4SNR,448.16,1244
18,2,2,-4SNR,484.29,1340
18,2,2,-4SNR,513.73,1424
18,3,1,clear,29.86,82
18,3,1,clear,31.27,87
18,3,1,clear,42.54,122
18,3,1,clear,60.03,166
18,3,1,clear,64.52,180
18,3,1,clear,76.1,207
18,3,1,clear,92.22,252
18,3,1,clear,110.54,292
18,3,1,clear,135.59,360
18,3,1,clear,157.76,429
18,3,1,clear,175.27,480
18,3,1,clear,190.83,520
18,3,1,clear,215.08,592
18,3,1,clear,234.49,640
18,3,1,clear,266.67,722
18,3,1,clear,272.87,739
18,3,1,clear,310.47,843
18,3,1,clear,330.69,905
18,3,1,clear,352.55,978
18,3,1,clear,362.07,1004
18,3,1,clear,384.39,1063
18,3,1,clear,424.87,1184
18,3,1,clear,440.96,1227
18,3,1,clear,458.16,1278
18,3,1,clear,483.41,1360
18,3,1,clear,495.36,1400
18,3,1,clear,508.6,1441
19,1,1,+2SNR,27.21,74
19,1,1,+2SNR,71.63,198
19,1,1,+2SNR,98.07,269
19,1,1,+2SNR,128.32,337
19,1,1,+2SNR,202.01,555
19,1,1,+2SNR,278.73,754
19,1,1,+2SNR,342.67,945
19,1,1,+2SNR,425.26,1187
19,1,1,+2SNR,451.19,1259
19,1,1,+2SNR,487.68,1375
19,2,2,clear,49.24,119
19,2,2,clear,74.9,195
19,2,2,clear,125.5,352
19,2,2,clear,186.82,534
19,2,2,clear,236.46,654
19,2,2,clear,252.84,701
19,2,2,clear,269.34,748
19,2,2,clear,308.82,866
19,2,2,clear,359.31,1000
19,2,2,clear,410.82,1148
19,2,2,clear,453.18,1260
19,2,2,clear,497.85,1380
19,3,3,-4SNR,44.04,136
19,3,3,-4SNR,87.32,268
19,3,3,-4SNR,176.33,517
19,3,3,-4SNR,219.07,624
19,3,3,-4SNR,341.33,935
19,3,3,-4SNR,379.96,1028
19,3,3,-4SNR,434.71,1163
19,3,3,-4SNR,488.83,1304
19,3,3,-4SNR,561.55,1508
20,1,3,+2SNR,103.65,322
20,1,3,+2SNR,124.38,379
20,1,3,+2SNR,172.54,505
20,1,3,+2SNR,210.42,609
20,1,3,+2SNR,258.63,719
20,1,3,+2SNR,283.58,772
20,1,3,+2SNR,337.08,926
20,1,3,+2SNR,346.69,945
20,1,3,+2SNR,427,1138
20,1,3,+2SNR,468.42,1249
20,1,3,+2SNR,496.28,1326
20,1,3,+2SNR,563.98,1513
20,2,1,clear,50.23,140
20,2,1,clear,96.51,265
20,2,1,clear,135.19,359
20,2,1,clear,215.31,592
20,2,1,clear,329.07,899
20,2,1,clear,364.39,1012
20,2,1,clear,381.97,1056
20,2,1,clear,456.57,1274
20,3,2,-4SNR,20.19,51
20,3,2,-4SNR,177.41,504
20,3,2,-4SNR,268.18,744
20,3,2,-4SNR,377.61,1057
20,3,2,-4SNR,439.11,1225
21,1,3,clear,19.43,63
21,1,3,clear,32.32,99
21,1,3,clear,41.04,125
21,1,3,clear,72.52,225
21,1,3,clear,79.88,249
21,1,3,clear,100.34,308
21,1,3,clear,116.83,355
21,1,3,clear,143.17,435
21,1,3,clear,164.24,488
21,1,3,clear,172.39,504
21,1,3,clear,177.35,521
21,1,3,clear,208.68,604
21,1,3,clear,231.16,659
21,1,3,clear,254.99,708
21,1,3,clear,274.88,756
21,1,3,clear,293,799
21,1,3,clear,314.67,861
21,1,3,clear,328.3,900
21,1,3,clear,353.45,961
21,1,3,clear,418.26,1117
21,1,3,clear,449.23,1194
21,1,3,clear,475.37,1263
21,1,3,clear,489.15,1306
21,1,3,clear,506.31,1355
21,1,3,clear,551.69,1480
21,1,3,clear,560.27,1505
21,1,3,clear,573.23,1537
21,1,3,clear,632.52,1659
21,1,3,clear,657.15,1720
21,2,1,+2SNR,18.7,56
21,2,1,+2SNR,35.02,98
21,2,1,+2SNR,50.28,140
21,2,1,+2SNR,76.85,209
21,2,1,+2SNR,104.83,282
21,2,1,+2SNR,130.35,342
21,2,1,+2SNR,150.76,402
21,2,1,+2SNR,170.87,467
21,2,1,+2SNR,199.23,547
21,2,1,+2SNR,216.02,593
21,2,1,+2SNR,242.1,654
21,2,1,+2SNR,271.28,734
21,2,1,+2SNR,315.39,857
21,2,1,+2SNR,344.56,953
21,2,1,+2SNR,377.59,1047
21,2,1,+2SNR,389.94,1078
21,2,1,+2SNR,432.93,1208
21,2,1,+2SNR,461.35,1287
21,2,1,+2SNR,501.42,1416
21,2,1,+2SNR,521.25,1480
21,2,1,+2SNR,529.36,1505
21,2,1,+2SNR,565.48,1617
21,2,1,+2SNR,580.51,1657
21,3,2,-4SNR,14.61,35
21,3,2,-4SNR,38.78,91
21,3,2,-4SNR,89.34,237
21,3,2,-4SNR,118.9,332
21,3,2,-4SNR,148.44,422
21,3,2,-4SNR,166.97,477
21,3,2,-4SNR,207.93,585
21,3,2,-4SNR,264.77,736
21,3,2,-4SNR,324.57,904
21,3,2,-4SNR,390.93,1096
21,3,2,-4SNR,482.74,1337
21,3,2,-4SNR,510.1,1415
21,3,2,-4SNR,524.51,1461
21,3,2,-4SNR,541.73,1511
22,1,2,+2SNR,12.5,31
22,1,2,+2SNR,31.86,76
22,1,2,+2SNR,38.02,90
22,1,2,+2SNR,53.75,129
22,1,2,+2SNR,67.68,174
22,1,2,+2SNR,76.76,197
22,1,2,+2SNR,112.21,311
22,1,2,+2SNR,142.04,401
22,1,2,+2SNR,149.72,426
22,1,2,+2SNR,162.92,463
22,1,2,+2SNR,169.52,480
22,1,2,+2SNR,178.05,506
22,1,2,+2SNR,199,563
22,1,2,+2SNR,217.08,603
22,1,2,+2SNR,238.52,659
22,1,2,+2SNR,244.65,680
22,1,2,+2SNR,268.36,745
22,1,2,+2SNR,277.19,773
22,1,2,+2SNR,301.83,849
22,1,2,+2SNR,317.04,883
22,1,2,+2SNR,342.18,947
22,1,2,+2SNR,363.3,1012
22,1,2,+2SNR,392.48,1102
22,1,2,+2SNR,407.06,1139
22,1,2,+2SNR,432.82,1206
22,1,2,+2SNR,531.92,1483
22,1,2,+2SNR,536.8,1498
22,2,1,clear,9.34,23
22,2,1,clear,32.71,90
22,2,1,clear,48.57,138
22,2,1,clear,67.67,189
22,2,1,clear,80.55,216
22,2,1,clear,100.15,273
22,2,1,clear,120.59,314
22,2,1,clear,136.3,361
22,2,1,clear,190.11,519
22,2,1,clear,215.22,592
22,2,1,clear,237.71,647
22,2,1,clear,258.67,703
22,2,1,clear,287.75,782
22,2,1,clear,307.02,834
22,2,1,clear,328.26,895
22,2,1,clear,345.67,957
22,2,1,clear,356.38,988
22,2,1,clear,372.15,1030
22,2,1,clear,383.96,1063
22,2,1,clear,409.37,1142
22,2,1,clear,422.55,1177
22,2,1,clear,439.24,1225
22,2,1,clear,468.57,1312
22,2,1,clear,492.09,1388
22,2,1,clear,515.21,1461
22,2,1,clear,550.6,1570
22,3,3,-4SNR,19.26,63
22,3,3,-4SNR,32.21,99
22,3,3,-4SNR,52.8,160
22,3,3,-4SNR,75.86,235
22,3,3,-4SNR,96.88,296
22,3,3,-4SNR,117.34,358
22,3,3,-4SNR,144.66,439
22,3,3,-4SNR,160.27,475
22,3,3,-4SNR,164.16,488
22,3,3,-4SNR,195.98,580
22,3,3,-4SNR,224.85,641
22,3,3,-4SNR,254.62,707
22,3,3,-4SNR,303.41,829
22,3,3,-4SNR,377.98,1020
22,3,3,-4SNR,419.57,1119
23,1,1,+2SNR,363.6,1009
23,1,1,+2SNR,380.59,1052
23,1,1,+2SNR,427.92,1196
23,1,1,+2SNR,456.78,1275
23,1,1,+2SNR,575.32,1640
23,2,3,clear,27.3,86
23,2,3,clear,75.57,234
23,2,3,clear,100.9,310
23,2,3,clear,302.51,828
23,2,3,clear,323.53,887
23,2,3,clear,352.22,957
23,2,3,clear,422.94,1126
23,2,3,clear,454.73,1212
23,2,3,clear,491.39,1309
23,2,3,clear,520,1392
23,2,3,clear,560.72,1507
23,2,3,clear,646.03,1687
23,3,2,-4SNR,84.89,222
23,3,2,-4SNR,191.72,545
23,3,2,-4SNR,213.64,595
23,3,2,-4SNR,227.62,632
23,3,2,-4SNR,319.11,889
23,3,2,-4SNR,398.12,1116
23,3,2,-4SNR,449.86,1249
23,3,2,-4SNR,531.59,1483
24,1,3,+2SNR,13.13,37
24,1,3,+2SNR,24.62,77
24,1,3,+2SNR,43.14,133
24,1,3,+2SNR,85.96,264
24,1,3,+2SNR,106.36,330
24,1,3,+2SNR,125.63,382
24,1,3,+2SNR,144.71,439
24,1,3,+2SNR,204.28,599
24,1,3,+2SNR,218.95,624
24,1,3,+2SNR,246.55,686
24,1,3,+2SNR,287.08,782
24,1,3,+2SNR,350.47,953
24,1,3,+2SNR,407.18,1091
24,1,3,+2SNR,432.33,1153
24,1,3,+2SNR,476.75,1269
24,1,3,+2SNR,486.36,1295
24,1,3,+2SNR,561.9,1509
24,1,3,+2SNR,662.07,1732
24,2,2,clear,43.76,103
24,2,2,clear,78.59,204
24,2,2,clear,126.33,352
24,2,2,clear,172.67,492
24,2,2,clear,196.09,556
24,2,2,clear,218.43,607
24,2,2,clear,255.05,706
24,2,2,clear,290.35,816
24,2,2,clear,348.16,963
24,2,2,clear,404.04,1130
24,2,2,clear,448.49,1246
24,2,2,clear,488.4,1354
24,2,2,clear,522.89,1454
24,3,1,-4SNR,28.22,76
24,3,1,-4SNR,92.89,254
24,3,1,-4SNR,175.45,481
24,3,1,-4SNR,210.78,580
24,3,1,-4SNR,263.24,713
24,3,1,-4SNR,366.97,1017
24,3,1,-4SNR,411.21,1148
24,3,1,-4SNR,442.76,1232
26,1,3,clear,19.19,62
26,1,3,clear,55.22,167
26,1,3,clear,101.68,313
26,1,3,clear,152.13,454
26,1,3,clear,179.62,527
26,1,3,clear,223.09,635
26,1,3,clear,253.84,705
26,1,3,clear,294,801
26,1,3,clear,350.05,953
26,1,3,clear,386.29,1042
26,1,3,clear,411.92,1103
26,1,3,clear,457,1218
26,1,3,clear,511.06,1366
26,1,3,clear,552.21,1481
26,1,3,clear,586.68,1564
26,1,3,clear,638.92,1670
26,2,1,-4SNR,35.6,98
26,3,2,+2SNR,34.38,82
26,3,2,+2SNR,84.58,221
26,3,2,+2SNR,191.25,545
26,3,2,+2SNR,201.99,569
26,3,2,+2SNR,212.82,593
26,3,2,+2SNR,238.37,658
26,3,2,+2SNR,263.83,733
26,3,2,+2SNR,293.73,824
26,3,2,+2SNR,328.52,915
26,3,2,+2SNR,360.36,1005
26,3,2,+2SNR,427.36,1191
26,3,2,+2SNR,447.06,1240
26,3,2,+2SNR,456.21,1268
26,3,2,+2SNR,465.99,1296
26,3,2,+2SNR,483.33,1338
26,3,2,+2SNR,510.9,1417
26,3,2,+2SNR,527.36,1470
27,1,2,clear,15.8,41
27,1,2,clear,77.48,200
27,1,2,clear,126.26,352
27,1,2,clear,170.96,485
27,1,2,clear,220.05,611
27,1,2,clear,241.65,668
27,1,2,clear,289.32,812
27,1,2,clear,320.24,892
27,1,2,clear,368.37,1025
27,1,2,clear,403.28,1127
27,1,2,clear,446.36,1237
27,1,2,clear,525.06,1463
27,2,3,-4SNR,24.38,77
27,2,3,-4SNR,41.3,126
27,2,3,-4SNR,79.3,246
27,2,3,-4SNR,99.26,302
27,2,3,-4SNR,132.31,403
27,2,3,-4SNR,172.87,507
27,2,3,-4SNR,203.62,599
27,2,3,-4SNR,321.61,884
27,2,3,-4SNR,407.96,1093
27,2,3,-4SNR,438.62,1175
27,2,3,-4SNR,480.17,1276
27,2,3,-4SNR,561.58,1508
27,3,1,+2SNR,26.74,73
27,3,1,+2SNR,49.53,139
27,3,1,+2SNR,92.95,254
27,3,1,+2SNR,109.54,290
27,3,1,+2SNR,177.03,487
27,3,1,+2SNR,262.17,711
27,3,1,+2SNR,329.11,899
27,3,1,+2SNR,384.82,1064
27,3,1,+2SNR,424.74,1183
27,3,1,+2SNR,459.32,1281
27,3,1,+2SNR,513.59,1458
27,3,1,+2SNR,564.69,1613
28,1,2,clear,49.06,118
28,1,2,clear,79.08,206
28,1,2,clear,91.04,241
28,1,2,clear,139.92,394
28,1,2,clear,165.14,469
28,1,2,clear,177.91,505
28,1,2,clear,196.82,558
28,1,2,clear,210,589
28,1,2,clear,221.51,616
28,1,2,clear,248.66,691
28,1,2,clear,268.42,745
28,1,2,clear,295.91,830
28,1,2,clear,323.46,902
28,1,2,clear,343.32,951
28,1,2,clear,406.74,1139
28,1,2,clear,451.97,1255
28,1,2,clear,466.93,1299
28,2,1,-4SNR,33.24,92
28,2,1,-4SNR,99.78,272
28,2,1,-4SNR,151.68,406
28,2,1,-4SNR,196.53,536
28,2,1,-4SNR,312.64,848
28,2,1,-4SNR,353.65,981
28,2,1,-4SNR,386,1067
28,2,1,-4SNR,398.28,1108
28,2,1,-4SNR,426.15,1190
28,2,1,-4SNR,455.56,1271
28,2,1,-4SNR,472.92,1328
28,2,1,-4SNR,518.23,1471
28,3,3,+2SNR,42.31,130
28,3,3,+2SNR,84.22,260
28,3,3,+2SNR,104.55,324
28,3,3,+2SNR,173.37,508
28,3,3,+2SNR,191.56,566
28,3,3,+2SNR,206.15,602
28,3,3,+2SNR,221.53,632
28,3,3,+2SNR,249.74,694
28,3,3,+2SNR,358.47,972
28,3,3,+2SNR,411.23,1102
28,3,3,+2SNR,432.71,1155
28,3,3,+2SNR,470.07,1254
28,3,3,+2SNR,482.67,1284
28,3,3,+2SNR,495.55,1324
28,3,3,+2SNR,538.71,1447
28,3,3,+2SNR,561.8,1509
29,1,1,clear,34.21,94
29,1,1,clear,121.68,316
29,1,1,clear,427.5,1196
29,1,1,clear,470.05,1318
29,2,3,-4SNR,100.94,311
29,2,3,-4SNR,434.7,1163
29,3,2,+2SNR,258.99,718
29,3,2,+2SNR,325.23,906
29,3,2,+2SNR,468.7,1302
30,1,3,clear,9.49,26
30,1,3,clear,25.53,81
30,1,3,clear,33.6,103
30,1,3,clear,52.85,161
30,1,3,clear,75.15,232
30,1,3,clear,89.93,275
30,1,3,clear,105.79,328
30,1,3,clear,122.94,375
30,1,3,clear,135.73,418
30,1,3,clear,172.22,504
30,1,3,clear,178.62,525
30,1,3,clear,181.52,532
30,1,3,clear,196.69,582
30,1,3,clear,210.83,609
30,1,3,clear,244.72,684
30,1,3,clear,255.86,710
30,1,3,clear,271.9,749
30,1,3,clear,283.86,773
30,1,3,clear,298.99,815
30,1,3,clear,315.1,862
30,1,3,clear,334.66,919
30,1,3,clear,339.9,933
30,1,3,clear,345.89,944
30,1,3,clear,355.04,963
30,1,3,clear,386.48,1043
30,1,3,clear,418.54,1117
30,1,3,clear,448.18,1193
30,1,3,clear,453.49,1208
30,1,3,clear,475.28,1263
30,1,3,clear,490.08,1307
30,1,3,clear,509.61,1363
30,1,3,clear,519.18,1389
30,1,3,clear,536.32,1438
30,1,3,clear,540.08,1451
30,1,3,clear,556.96,1495
30,1,3,clear,568,1522
30,1,3,clear,606.33,1607
30,1,3,clear,646.22,1687
30,2,2,-4SNR,23.83,59
30,2,2,-4SNR,38.43,90
30,2,2,-4SNR,47.58,116
30,2,2,-4SNR,67.91,176
30,2,2,-4SNR,90.52,240
30,2,2,-4SNR,101.64,277
30,2,2,-4SNR,123,343
30,2,2,-4SNR,142.35,402
30,2,2,-4SNR,167.88,479
30,2,2,-4SNR,175.69,498
30,2,2,-4SNR,202.63,571
30,2,2,-4SNR,241.79,669
30,2,2,-4SNR,252.41,699
30,2,2,-4SNR,274.91,765
30,2,2,-4SNR,291.99,818
30,2,2,-4SNR,331.69,924
30,2,2,-4SNR,358.94,998
30,2,2,-4SNR,381.74,1070
30,2,2,-4SNR,403.26,1127
30,2,2,-4SNR,415.48,1157
30,2,2,-4SNR,441.64,1230
30,2,2,-4SNR,461.39,1287
30,2,2,-4SNR,489.18,1357
30,2,2,-4SNR,520.79,1449
30,2,2,-4SNR,536.94,1498
30,3,1,+2SNR,27.85,75
30,3,1,+2SNR,32.39,89
30,3,1,+2SNR,48.06,137
30,3,1,+2SNR,69.43,194
30,3,1,+2SNR,80.78,217
30,3,1,+2SNR,87.75,237
30,3,1,+2SNR,96.86,266
30,3,1,+2SNR,100.71,274
30,3,1,+2SNR,109.16,290
30,3,1,+2SNR,120.12,313
30,3,1,+2SNR,129.18,339
30,3,1,+2SNR,136.07,360
30,3,1,+2SNR,157.47,427
30,3,1,+2SNR,165.31,453
30,3,1,+2SNR,178.01,490
30,3,1,+2SNR,190.36,519
30,3,1,+2SNR,205.61,569
30,3,1,+2SNR,234.11,640
30,3,1,+2SNR,261.91,710
30,3,1,+2SNR,281.15,759
30,3,1,+2SNR,306.24,831
30,3,1,+2SNR,327.83,894
30,3,1,+2SNR,345.71,957
30,3,1,+2SNR,350.73,972
30,3,1,+2SNR,380.76,1053
30,3,1,+2SNR,418.89,1169
30,3,1,+2SNR,426.43,1191
30,3,1,+2SNR,451.61,1259
30,3,1,+2SNR,476.55,1338
30,3,1,+2SNR,496.73,1404
30,3,1,+2SNR,515.07,1461
30,3,1,+2SNR,542.04,1542
30,3,1,+2SNR,567.29,1621
31,1,1,-4SNR,8.95,22
31,1,1,-4SNR,17.12,51
31,1,1,-4SNR,24.56,70
31,1,1,-4SNR,40.46,115
31,1,1,-4SNR,63.23,175
31,1,1,-4SNR,75.02,204
31,1,1,-4SNR,91.93,251
31,1,1,-4SNR,109.44,290
31,1,1,-4SNR,146.93,386
31,1,1,-4SNR,184.78,507
31,1,1,-4SNR,214.94,592
31,1,1,-4SNR,295.57,806
31,1,1,-4SNR,304.54,828
31,1,1,-4SNR,327.77,894
31,1,1,-4SNR,350.43,972
31,1,1,-4SNR,363.28,1008
31,1,1,-4SNR,384.06,1063
31,1,1,-4SNR,417.29,1165
31,1,1,-4SNR,441.01,1228
31,1,1,-4SNR,451.6,1259
31,1,1,-4SNR,476.21,1337
31,1,1,-4SNR,507.21,1436
31,1,1,-4SNR,517.25,1466
31,1,1,-4SNR,552.57,1578
31,2,2,+2SNR,8.74,18
31,2,2,+2SNR,14.19,34
31,2,2,+2SNR,43.65,102
31,2,2,+2SNR,73.81,192
31,2,2,+2SNR,102.59,279
31,2,2,+2SNR,123.67,346
31,2,2,+2SNR,142.39,402
31,2,2,+2SNR,163.92,465
31,2,2,+2SNR,192.77,548
31,2,2,+2SNR,217.6,606
31,2,2,+2SNR,241.62,668
31,2,2,+2SNR,255.33,707
31,2,2,+2SNR,287.47,808
31,2,2,+2SNR,318.03,886
31,2,2,+2SNR,347.44,962
31,2,2,+2SNR,369.25,1029
31,2,2,+2SNR,403.14,1127
31,2,2,+2SNR,441.83,1231
31,2,2,+2SNR,484.91,1343
31,2,2,+2SNR,506.08,1401
31,2,2,+2SNR,533.46,1486
31,3,3,clear,8.75,25
31,3,3,clear,24.26,77
31,3,3,clear,39.51,122
31,3,3,clear,62.34,190
31,3,3,clear,83.14,257
31,3,3,clear,97.25,297
31,3,3,clear,110.9,342
31,3,3,clear,127.71,391
31,3,3,clear,145.07,440
31,3,3,clear,160.85,478
31,3,3,clear,172.21,504
31,3,3,clear,202.55,598
31,3,3,clear,221.92,633
31,3,3,clear,246.1,685
31,3,3,clear,284.13,773
31,3,3,clear,318.93,873
31,3,3,clear,347.49,948
31,3,3,clear,363.75,984
31,3,3,clear,406.13,1088
31,3,3,clear,422.24,1124
31,3,3,clear,453.38,1208
31,3,3,clear,492.56,1310
31,3,3,clear,518,1384
31,3,3,clear,527.52,1410
31,3,3,clear,559.47,1501
31,3,3,clear,581.44,1556
31,3,3,clear,627.3,1646
31,3,3,clear,639.11,1671
31,3,3,clear,654.52,1710
31,3,3,clear,666.02,1740
32,1,3,-4SNR,26.51,84
32,1,3,-4SNR,41.02,125
32,1,3,-4SNR,84.05,260
32,1,3,-4SNR,98.85,300
32,1,3,-4SNR,113.74,349
32,1,3,-4SNR,137.23,421
32,1,3,-4SNR,161.3,479
32,1,3,-4SNR,177.18,521
32,1,3,-4SNR,181.12,532
32,1,3,-4SNR,194.69,576
32,1,3,-4SNR,206.82,603
32,1,3,-4SNR,221.97,633
32,1,3,-4SNR,247.65,688
32,1,3,-4SNR,267.58,738
32,1,3,-4SNR,284.34,774
32,1,3,-4SNR,302.42,827
32,1,3,-4SNR,307.46,840
32,1,3,-4SNR,327.07,899
32,1,3,-4SNR,347.87,948
32,1,3,-4SNR,407.6,1092
32,1,3,-4SNR,419.57,1119
32,1,3,-4SNR,423.09,1126
32,1,3,-4SNR,447.31,1192
32,1,3,-4SNR,469.39,1251
32,1,3,-4SNR,482.93,1284
32,1,3,-4SNR,518.75,1387
32,1,3,-4SNR,545.26,1466
32,1,3,-4SNR,564.82,1514
32,1,3,-4SNR,653.36,1707
32,2,1,+2SNR,18.28,55
32,2,1,+2SNR,25.42,71
32,2,1,+2SNR,52.95,148
32,2,1,+2SNR,101.43,274
32,2,1,+2SNR,111.08,293
32,2,1,+2SNR,139.85,369
32,2,1,+2SNR,167.86,458
32,2,1,+2SNR,179.22,491
32,2,1,+2SNR,263.27,713
32,2,1,+2SNR,285.26,774
32,2,1,+2SNR,332.57,910
32,2,1,+2SNR,367.85,1018
32,2,1,+2SNR,384.57,1063
32,2,1,+2SNR,423.64,1180
32,2,1,+2SNR,452.81,1263
32,2,1,+2SNR,462.54,1292
32,2,1,+2SNR,512.25,1455
32,2,1,+2SNR,519.66,1477
32,2,1,+2SNR,552.55,1578
32,2,1,+2SNR,584.28,1669
32,3,2,clear,14.41,35
32,3,2,clear,39.88,92
32,3,2,clear,44.47,106
32,3,2,clear,71.74,187
32,3,2,clear,77.48,200
32,3,2,clear,86.6,227
32,3,2,clear,127.65,355
32,3,2,clear,163.94,465
32,3,2,clear,170.44,483
32,3,2,clear,193.35,549
32,3,2,clear,219.41,610
32,3,2,clear,241.8,669
32,3,2,clear,255.83,709
32,3,2,clear,288.76,812
32,3,2,clear,318.09,886
32,3,2,clear,348.47,964
32,3,2,clear,410.34,1148
32,3,2,clear,446.13,1237
32,3,2,clear,470.81,1304
32,3,2,clear,505.59,1400
32,3,2,clear,520.84,1449
33,1,2,-4SNR,85.05,222
33,1,2,-4SNR,102.11,277
33,1,2,-4SNR,127.05,353
33,1,2,-4SNR,163.18,463
33,1,2,-4SNR,172.83,492
33,1,2,-4SNR,193.53,549
33,1,2,-4SNR,218.8,607
33,1,2,-4SNR,258.12,716
33,1,2,-4SNR,291.74,818
33,1,2,-4SNR,321.56,895
33,1,2,-4SNR,414.8,1156
33,1,2,-4SNR,451.63,1254
33,1,2,-4SNR,495.34,1375
33,1,2,-4SNR,543.18,1515
33,2,3,+2SNR,40.85,124
33,2,3,+2SNR,81.73,254
33,2,3,+2SNR,106.06,329
33,2,3,+2SNR,114.88,351
33,2,3,+2SNR,148.61,446
33,2,3,+2SNR,172.83,507
33,2,3,+2SNR,204.09,599
33,2,3,+2SNR,225.81,644
33,2,3,+2SNR,285.1,778
33,2,3,+2SNR,352.62,958
33,2,3,+2SNR,408.67,1095
33,2,3,+2SNR,423.9,1130
33,2,3,+2SNR,477.81,1270
33,2,3,+2SNR,519.93,1392
33,2,3,+2SNR,563.85,1512
33,2,3,+2SNR,642.93,1679
33,3,1,clear,26.91,73
33,3,1,clear,55.14,152
33,3,1,clear,101.2,274
33,3,1,clear,113.17,301
33,3,1,clear,180.91,498
33,3,1,clear,262.88,712
33,3,1,clear,341.68,942
33,3,1,clear,379.31,1049
33,3,1,clear,426.15,1190
33,3,1,clear,462.07,1291
33,3,1,clear,516.53,1464
34,1,2,-4SNR,70.39,182
34,1,2,-4SNR,87.6,232
34,1,2,-4SNR,127.13,353
34,1,2,-4SNR,185.86,530
34,1,2,-4SNR,202.76,571
34,1,2,-4SNR,288.15,809
34,1,2,-4SNR,349.4,969
34,1,2,-4SNR,404.89,1132
34,1,2,-4SNR,433.37,1207
34,1,2,-4SNR,446.58,1238
34,1,2,-4SNR,464.6,1293
34,1,2,-4SNR,483.92,1339
34,1,2,-4SNR,506.01,1401
34,1,2,-4SNR,521.08,1449
34,2,1,+2SNR,17.97,53
34,2,1,+2SNR,25.49,71
34,2,1,+2SNR,48.47,138
34,2,1,+2SNR,74.66,203
34,2,1,+2SNR,92.61,252
34,2,1,+2SNR,108.16,289
34,2,1,+2SNR,125.28,328
34,2,1,+2SNR,163.78,450
34,2,1,+2SNR,175.27,480
34,2,1,+2SNR,235.57,643
34,2,1,+2SNR,262.28,711
34,2,1,+2SNR,328.45,895
34,2,1,+2SNR,353.67,981
34,2,1,+2SNR,384.02,1063
34,2,1,+2SNR,422.76,1178
34,2,1,+2SNR,459.57,1282
34,2,1,+2SNR,554.87,1582
34,3,3,clear,7.94,22
34,3,3,clear,19.89,64
34,3,3,clear,24.88,78
34,3,3,clear,39.76,122
34,3,3,clear,76.13,236
34,3,3,clear,96.69,296
34,3,3,clear,111.35,344
34,3,3,clear,144.87,439
34,3,3,clear,172.42,504
34,3,3,clear,203.25,598
34,3,3,clear,231.37,659
34,3,3,clear,246.47,685
34,3,3,clear,284.07,773
34,3,3,clear,319.28,875
34,3,3,clear,340.02,933
34,3,3,clear,346.48,945
34,3,3,clear,386.99,1043
34,3,3,clear,415.81,1111
34,3,3,clear,453.31,1207
34,3,3,clear,476.24,1267
34,3,3,clear,493.39,1313
34,3,3,clear,557.07,1495
34,3,3,clear,582.11,1556
34,3,3,clear,639.89,1672
34,3,3,clear,666.1,1740
35,1,1,-4SNR,24.3,70
35,1,1,-4SNR,33.06,91
35,1,1,-4SNR,74.9,203
35,1,1,-4SNR,135.75,360
35,1,1,-4SNR,190.34,519
35,1,1,-4SNR,208.97,577
35,1,1,-4SNR,243.9,657
35,1,1,-4SNR,261.66,710
35,1,1,-4SNR,274.71,743
35,1,1,-4SNR,379.39,1049
35,1,1,-4SNR,384.79,1064
35,1,1,-4SNR,402.55,1120
35,1,1,-4SNR,418.84,1169
35,1,1,-4SNR,445.94,1241
35,1,1,-4SNR,468.2,1311
35,1,1,-4SNR,490.66,1384
35,1,1,-4SNR,518.65,1473
35,1,1,-4SNR,541.69,1542
35,1,1,-4SNR,550.49,1570
35,2,3,+2SNR,164.31,488
35,2,3,+2SNR,172.66,506
35,2,3,+2SNR,177.93,522
35,2,3,+2SNR,192.57,570
35,2,3,+2SNR,204.18,599
35,2,3,+2SNR,218.63,624
35,2,3,+2SNR,245.24,685
35,2,3,+2SNR,267.14,737
35,2,3,+2SNR,281.69,770
35,2,3,+2SNR,294.58,802
35,2,3,+2SNR,302.69,828
35,2,3,+2SNR,317.16,868
35,2,3,+2SNR,335.17,921
35,2,3,+2SNR,343.03,937
35,2,3,+2SNR,347.51,948
35,2,3,+2SNR,355.48,963
35,2,3,+2SNR,363.64,984
35,2,3,+2SNR,386.5,1043
35,2,3,+2SNR,405.61,1088
35,2,3,+2SNR,430.85,1147
35,2,3,+2SNR,454.09,1210
35,2,3,+2SNR,460.12,1227
35,2,3,+2SNR,476.07,1266
35,2,3,+2SNR,492.47,1310
35,2,3,+2SNR,509.69,1363
35,2,3,+2SNR,513.78,1371
35,2,3,+2SNR,543.43,1460
35,2,3,+2SNR,559.69,1501
35,2,3,+2SNR,639.32,1671
35,2,3,+2SNR,665.88,1740
35,3,2,clear,13.44,32
35,3,2,clear,43.12,102
35,3,2,clear,68.25,178
35,3,2,clear,85.07,222
35,3,2,clear,102.22,278
35,3,2,clear,114.4,317
35,3,2,clear,126.46,352
35,3,2,clear,163.29,463
35,3,2,clear,172.11,489
35,3,2,clear,192.65,547
35,3,2,clear,217.49,605
35,3,2,clear,255.17,706
35,3,2,clear,287.95,809
35,3,2,clear,307.04,863
35,3,2,clear,319.98,891
35,3,2,clear,347.12,961
35,3,2,clear,370.21,1031
35,3,2,clear,402.91,1127
35,3,2,clear,432.86,1206
35,3,2,clear,447.25,1240
35,3,2,clear,464.67,1294
35,3,2,clear,494.24,1372
35,3,2,clear,500.51,1385
35,3,2,clear,519.3,1446
35,3,2,clear,532.77,1485
36,1,3,-4SNR,33.72,104
36,1,3,-4SNR,63.4,193
36,1,3,-4SNR,99.21,302
36,1,3,-4SNR,114.5,351
36,1,3,-4SNR,132.6,404
36,1,3,-4SNR,175.22,512
36,1,3,-4SNR,207.05,603
36,1,3,-4SNR,246.21,685
36,1,3,-4SNR,293,799
36,1,3,-4SNR,349.03,950
36,1,3,-4SNR,412.33,1103
36,1,3,-4SNR,423.35,1128
36,1,3,-4SNR,481.46,1282
36,1,3,-4SNR,557.32,1497
36,2,2,+2SNR,13.51,32
36,2,2,+2SNR,128.65,359
36,2,2,+2SNR,160.46,456
36,2,2,+2SNR,252.44,699
36,2,2,+2SNR,287.64,808
36,2,2,+2SNR,328.95,917
36,2,2,+2SNR,383.91,1077
36,2,2,+2SNR,407.1,1139
36,2,2,+2SNR,495.59,1376
36,3,1,clear,24.33,70
36,3,1,clear,51.98,147
36,3,1,clear,92.45,252
36,3,1,clear,411.89,1150
36,3,1,clear,423.81,1180
36,3,1,clear,456.8,1275
36,3,1,clear,507.45,1437
36,3,1,clear,554.7,1582
37,1,1,clear,27.36,74
37,1,1,clear,58.03,158
37,1,1,clear,98.66,270
37,1,1,clear,180.37,495
37,1,1,clear,213.2,586
37,1,1,clear,272.95,739
37,1,1,clear,352.16,977
37,1,1,clear,369.75,1025
37,1,1,clear,386.27,1069
37,1,1,clear,424.24,1182
37,1,1,clear,455.06,1270
37,1,1,clear,510.43,1450
37,1,1,clear,570.8,1627
37,2,2,+2SNR,44.8,107
37,2,2,+2SNR,72.81,190
37,2,2,+2SNR,88.25,233
37,2,2,+2SNR,127.79,356
37,2,2,+2SNR,165.93,474
37,2,2,+2SNR,173.36,493
37,2,2,+2SNR,219.76,611
37,2,2,+2SNR,258.59,717
37,2,2,+2SNR,289.69,814
37,2,2,+2SNR,309.15,867
37,2,2,+2SNR,325.97,908
37,2,2,+2SNR,356.77,993
37,2,2,+2SNR,404.51,1131
37,2,2,+2SNR,449.76,1249
37,2,2,+2SNR,467.37,1300
37,2,2,+2SNR,496.99,1378
37,3,3,-4SNR,42.53,130
37,3,3,-4SNR,78.69,244
37,3,3,-4SNR,102.92,319
37,3,3,-4SNR,150.29,451
37,3,3,-4SNR,172.81,507
37,3,3,-4SNR,188.39,557
37,3,3,-4SNR,249.91,694
37,3,3,-4SNR,289.46,788
37,3,3,-4SNR,353.08,959
37,3,3,-4SNR,416.77,1113
37,3,3,-4SNR,480.09,1275
37,3,3,-4SNR,494.44,1318
37,3,3,-4SNR,538.39,1446
38,1,3,clear,24.2,77
38,1,3,clear,45.27,140
38,1,3,clear,98.71,300
38,1,3,clear,172.69,506
38,1,3,clear,183.59,538
38,1,3,clear,208.42,604
38,1,3,clear,224.36,640
38,1,3,clear,227.13,647
38,1,3,clear,249.09,692
38,1,3,clear,286.47,781
38,1,3,clear,324.2,891
38,1,3,clear,350.85,954
38,1,3,clear,402.18,1082
38,1,3,clear,428.58,1141
38,1,3,clear,479.9,1275
38,1,3,clear,493.93,1317
38,1,3,clear,556.78,1495
38,1,3,clear,640.82,1674
38,2,1,+2SNR,18.53,56
38,2,1,+2SNR,47.87,137
38,2,1,+2SNR,75.12,205
38,2,1,+2SNR,93.7,257
38,2,1,+2SNR,109.25,290
38,2,1,+2SNR,166.82,457
38,2,1,+2SNR,179.17,491
38,2,1,+2SNR,210.1,578
38,2,1,+2SNR,244.59,660
38,2,1,+2SNR,263.38,714
38,2,1,+2SNR,281.65,760
38,2,1,+2SNR,299.7,819
38,2,1,+2SNR,328.53,895
38,2,1,+2SNR,351.28,975
38,2,1,+2SNR,382.06,1056
38,2,1,+2SNR,424.43,1182
38,2,1,+2SNR,456.69,1274
38,2,1,+2SNR,512.27,1455
38,2,1,+2SNR,554.26,1582
38,3,2,-4SNR,37.8,90
38,3,2,-4SNR,69.64,180
38,3,2,-4SNR,101.59,276
38,3,2,-4SNR,126.62,353
38,3,2,-4SNR,145.74,414
38,3,2,-4SNR,169.42,480
38,3,2,-4SNR,195.72,555
38,3,2,-4SNR,207.53,583
38,3,2,-4SNR,226.68,630
38,3,2,-4SNR,248.18,689
38,3,2,-4SNR,288.54,810
38,3,2,-4SNR,303.9,855
38,3,2,-4SNR,347,961
38,3,2,-4SNR,397.02,1115
38,3,2,-4SNR,455.7,1267
38,3,2,-4SNR,486.87,1350
38,3,2,-4SNR,520.2,1448
39,1,2,clear,13.09,32
39,1,2,clear,43.52,102
39,1,2,clear,69.87,180
39,1,2,clear,84.88,222
39,1,2,clear,126.43,352
39,1,2,clear,164.21,466
39,1,2,clear,192.01,546
39,1,2,clear,217.25,603
39,1,2,clear,240.41,663
39,1,2,clear,255.04,706
39,1,2,clear,287.97,809
39,1,2,clear,342.16,947
39,1,2,clear,366.06,1018
39,1,2,clear,402.41,1126
39,1,2,clear,446.08,1237
39,1,2,clear,533.53,1486
39,2,3,+2SNR,223.5,636
39,2,3,+2SNR,233.43,663
39,2,3,+2SNR,245.46,685
39,2,3,+2SNR,283.86,773
39,2,3,+2SNR,302.98,829
39,2,3,+2SNR,343,937
39,2,3,+2SNR,359.4,975
39,2,3,+2SNR,387.19,1044
39,2,3,+2SNR,421.38,1122
39,2,3,+2SNR,441.41,1181
39,2,3,+2SNR,453.78,1208
39,2,3,+2SNR,475.51,1264
39,2,3,+2SNR,492.17,1310
39,2,3,+2SNR,513.83,1371
39,2,3,+2SNR,526.49,1406
39,2,3,+2SNR,545.29,1466
39,2,3,+2SNR,558.81,1500
39,2,3,+2SNR,640.68,1674
39,3,1,-4SNR,33.94,94
39,3,1,-4SNR,75.61,206
39,3,1,-4SNR,111.6,295
39,3,1,-4SNR,135.71,360
39,3,1,-4SNR,162.27,446
39,3,1,-4SNR,182.13,500
39,3,1,-4SNR,210.85,580
39,3,1,-4SNR,251,684
39,3,1,-4SNR,311.39,846
39,3,1,-4SNR,362.32,1005
39,3,1,-4SNR,380.38,1051
39,3,1,-4SNR,439.05,1225
39,3,1,-4SNR,482.83,1356
39,3,1,-4SNR,494.62,1397
39,3,1,-4SNR,505.6,1432
39,3,1,-4SNR,515.71,1462
39,3,1,-4SNR,524.75,1490
39,3,1,-4SNR,542.27,1543
40,1,2,clear,127.12,353
40,1,2,clear,165.52,471
40,1,2,clear,204.54,575
40,1,2,clear,238.46,659
40,1,2,clear,256.34,711
40,1,2,clear,288.43,809
40,1,2,clear,319.01,888
40,1,2,clear,348.67,964
40,1,2,clear,403.33,1128
40,1,2,clear,445.63,1237
40,1,2,clear,484.62,1342
40,1,2,clear,521.06,1449
40,2,1,+2SNR,27.19,74
40,2,1,+2SNR,74.62,203
40,2,1,+2SNR,101.93,275
40,2,1,+2SNR,178.03,490
40,2,1,+2SNR,239.16,649
40,2,1,+2SNR,273.98,742
40,2,1,+2SNR,329.16,899
40,2,1,+2SNR,355.51,987
40,2,1,+2SNR,385.82,1067
40,2,1,+2SNR,422.38,1177
40,2,1,+2SNR,459.9,1282
40,2,1,+2SNR,516.07,1462
40,3,3,-4SNR,336,924
40,3,3,-4SNR,356.74,966
40,3,3,-4SNR,422.9,1125
40,3,3,-4SNR,494.82,1320
41,1,1,clear,26.52,73
41,1,1,clear,110.97,293
41,1,1,clear,178.87,491
41,1,1,clear,274.17,742
41,1,1,clear,375.74,1041
41,1,1,clear,424.06,1182
41,1,1,clear,460.63,1283
41,1,1,clear,517.37,1466
41,2,3,+2SNR,42.53,130
41,2,3,+2SNR,97.91,297
41,2,3,+2SNR,171.72,503
41,2,3,+2SNR,205.34,600
41,2,3,+2SNR,246.73,686
41,2,3,+2SNR,347.63,948
41,2,3,+2SNR,432.15,1153
41,2,3,+2SNR,479.93,1275
41,2,3,+2SNR,560.73,1507
41,3,2,-4SNR,49.78,119
41,3,2,-4SNR,90.34,240
41,3,2,-4SNR,129.32,360
41,3,2,-4SNR,177.56,505
41,3,2,-4SNR,209.38,589
41,3,2,-4SNR,258.37,716
41,3,2,-4SNR,320.45,892
41,3,2,-4SNR,349.77,969
41,3,2,-4SNR,404.53,1131
41,3,2,-4SNR,447.08,1240
41,3,2,-4SNR,503.72,1397
42,1,3,clear,27.25,86
42,1,3,clear,48.6,145
42,1,3,clear,84.37,260
42,1,3,clear,105.11,327
42,1,3,clear,150.52,451
42,1,3,clear,174.36,511
42,1,3,clear,190.41,563
42,1,3,clear,207.43,603
42,1,3,clear,261.89,726
42,1,3,clear,284.5,776
42,1,3,clear,322.81,886
42,1,3,clear,351.17,954
42,1,3,clear,410.97,1101
42,1,3,clear,464.63,1239
42,1,3,clear,480.47,1277
42,1,3,clear,494.45,1318
42,1,3,clear,529.96,1419
42,1,3,clear,564.25,1513
42,1,3,clear,639.64,1671
42,1,3,clear,665.96,1740
42,2,2,+2SNR,44.91,107
42,2,2,+2SNR,77.56,201
42,2,2,+2SNR,86.84,229
42,2,2,+2SNR,136.34,384
42,2,2,+2SNR,175.49,498
42,2,2,+2SNR,202.36,571
42,2,2,+2SNR,228.13,633
42,2,2,+2SNR,257.4,713
42,2,2,+2SNR,295.56,829
42,2,2,+2SNR,357.4,995
42,2,2,+2SNR,405.35,1135
42,2,2,+2SNR,447.14,1240
42,3,1,-4SNR,98.09,269
42,3,1,-4SNR,112.68,298
42,3,1,-4SNR,135.29,359
42,3,1,-4SNR,177.64,490
42,3,1,-4SNR,219,598
42,3,1,-4SNR,274.55,743
42,3,1,-4SNR,326.31,891
42,3,1,-4SNR,368.1,1019
42,3,1,-4SNR,424.92,1184
42,3,1,-4SNR,492.34,1389
